{"last_batch": 0, "total_batches": 0, "completed_batches": [], "search_url": "https://login.openathens.net/auth/cobbcounty.org/o/72388178?t=%2Fsaml%2F2%2Fsso%2F_%2Fc%2Fproxy.openathens.net%3FSAMLRequest%3DjZLNbtswEIRfReBdokRZf4TlwI1R1EDaGrHSQy8FRa9iAvJS5VJp%252FPaV7RhIgDTofXdmMN%252FMb54PffAEjozFmiVRzAJAbXcGH2v20HwOSxaQV7hTvUWoGVp2s5iTOvSDXI5%252Bj%252FfwewTywZIInJ9Ubi3SeAC3BfdkNDzc39Vs7%252F1AkvPePhqMBmefj5EdAJXfA1KE4PlJkguuNPG001WXV2nYVroIZ9CVYZlnECZdO0uyHWRilrNgNbmaSeEc%252FK3B%252B9JElv%252Fimr9nz4L1qmZtV6i80DG0RTJLk1RBnFVpW1aqU%252B2unKpYE42wxlMjvmYiFlkYZ6EomiSRIpVxHgmR%252FmTBxllvte0%252FGbxUOTqUVpEhieoAJL2W2%252BXXOymiWLaXI5JfmmYTbr5vGxb8uCIRJyQTJCR5bv1jqeHFl10YyXNe9%252Br%252F43d1hcgW10b%252FDQvQG3%252F8L1pz%252FirNdT7fJvv1amN7o4%252FBsu%252Ftn1sHyk8jSxhfXF7ejmzxFw%253D%253D%26RelayState%3Dhttp%253A%252F%252Freferenceusa.com.proxy.openathens.net%252FUsBusiness%252FSearch%252FQuick%252F497be73bf9a94fe3aebb7eb4857b584f&ctx=sd&redirect=true", "results_url": "", "downloaded_files": [], "geography_filter": {"type": "", "value": ""}}