{
  "search_name": "Alabama_Test",
  "total_pages": 62,
  "completed_batches": [
    {
      "batch_num": 1,
      "start_page": 1,
      "end_page": 2,
      "filename": "Alabama_Test_1to2_061825_1848.csv",
      "timestamp": "061825_1848"
    },
    {
      "batch_num": 1,
      "start_page": 1,
      "end_page": 4,
      "filename": "Alabama_Test_1to4_061925_1838.csv",
      "timestamp": "061925_1838",
      "pages_selected": [
        1,
        2,
        3,
        4
      ]
    }
  ],
  "last_completed_page": 4,
  "downloads_completed": [
    "Alabama_Test_1to2_061825_1848.csv",
    "Alabama_Test_1to4_061925_1838.csv"
  ]
}